Menu Item,Qty_Sold,Total_Revenue,BCG_Matrix,Void_Count,Discount_Count,Total_Discount_Amt,Transaction_Count,Item_Void_Rate,Item_Discount_Freq
$$$,1,100,Dog,0,0,0.0,1,0.0,0.0
$5 Arette Reposado,1,5,Dog,0,0,0.0,1,0.0,0.0
$5 Astral Blanco,5,25,Dog,0,0,0.0,3,0.0,0.0
$5 Bulleit Bourbon,19,95,Plowhorse,5,0,0.0,18,0.2777777777777778,0.0
$5 Cabernet,5,25,Dog,0,0,0.0,5,0.0,0.0
$5 Chardonnay,2,10,Dog,0,0,0.0,2,0.0,0.0
$5 Diplomatico Planas Rum,29,145,Plowhorse,9,0,0.0,27,0.3333333333333333,0.0
$5 Holiday Moscow Mule,16,80,Plowhorse,0,0,0.0,15,0.0,0.0
$5 Margarita,44,220,Plowhorse,0,1,7.0,39,0.0,0.02564102564102564
$5 Pear Old Fashioned,9,45,Dog,0,0,0.0,9,0.0,0.0
$5 Peroni,2,10,Dog,0,0,0.0,2,0.0,0.0
$5 Reyka Vodka,26,130,Plowhorse,0,0,0.0,25,0.0,0.0
$5 Roku Gin,4,20,Dog,0,0,0.0,4,0.0,0.0
$5 Rose,4,20,Dog,0,0,0.0,4,0.0,0.0
$5 Sauvignon Blanc,1,5,Dog,0,0,0.0,1,0.0,0.0
$5 Teremana Anejo,16,80,Plowhorse,3,0,0.0,14,0.21428571428571427,0.0
$7 banana bread winner shot,4,28,Dog,0,2,20.0,3,0.0,0.6666666666666666
$8 Casamigos Espresso Martini,43,344,Plowhorse,0,1,16.0,7,0.0,0.14285714285714285
$8 Casamigos Reposado Labor Day,70,552,Star,1,13,150.0,38,0.02631578947368421,0.34210526315789475
(JP) Morgan Margarita,167,2120,Star,6,63,2963.0,158,0.0379746835443038,0.3987341772151899
(JP) Morgan margarita,261,2987,Star,17,136,9991.0,244,0.06967213114754098,0.5573770491803278
(JP) Morgan's Margarita,431,5652,Star,7,194,10347.0,399,0.017543859649122806,0.48621553884711777
01.14.2024,1,5000,Puzzle,0,0,0.0,1,0.0,0.0
09.05 Glorietel,1,500,Puzzle,0,0,0.0,1,0.0,0.0
1 Short Rib Slider,1,9,Dog,0,0,0.0,1,0.0,0.0
12 Hour Jet Lag,9,80,Dog,1,2,36.0,9,0.1111111111111111,0.2222222222222222
12h Jet Lag,9175,134980,Star,110,2243,175751.0,8546,0.012871518839223028,0.26246197051252046
2 Quesadillas,1,7,Dog,0,0,0.0,1,0.0,0.0
2 extra quesdillas,25,204,Plowhorse,2,20,3301.0,25,0.08,0.8
30 Beef Quesadillas,1,230,Dog,0,1,500.0,1,0.0,1.0
30 Chicken Quesadillas,1,230,Dog,0,1,500.0,1,0.0,1.0
400 Conejos,29,428,Star,0,5,194.0,21,0.0,0.23809523809523808
818 Reserva,3,140,Dog,0,0,0.0,2,0.0,0.0
:),1,0,Dog,0,1,14.0,1,0.0,1.0
Abasolo,35,525,Star,20,1,6.0,24,0.8333333333333334,0.041666666666666664
Abita Purple Haze,67,455,Star,2,17,3388.0,66,0.030303030303030304,0.25757575757575757
"Abita Purple Haze, IPA",246,1666,Star,7,43,788.0,234,0.029914529914529916,0.18376068376068377
"Ace of Spade, Brut",8,7900,Puzzle,0,4,2275.0,8,0.0,0.5
Acqua Panna,2405,18760,Star,48,288,43079.0,1848,0.025974025974025976,0.15584415584415584
Add One More Taco,1,5,Dog,0,0,0.0,1,0.0,0.0
Adjust,1,2,Dog,0,1,7.0,1,0.0,1.0
Aguasol Blanco,732,10158,Star,21,102,11377.0,476,0.04411764705882353,0.21428571428571427
Aguasol Reposado,274,3596,Star,6,37,4501.0,161,0.037267080745341616,0.22981366459627328
Albrechen Rose,1,75,Dog,1,0,0.0,1,1.0,0.0
Alix Earle SIP Margs,44,520,Star,0,4,95.0,42,0.0,0.09523809523809523
Alma Miel Peach Honey Marg,1,25,Dog,0,1,6.0,1,0.0,1.0
Aloe Margarita,146,1704,Star,4,27,668.0,137,0.029197080291970802,0.19708029197080293
Altos Malbec,7,350,Dog,4,1,12.0,6,0.6666666666666666,0.16666666666666666
Amaras Verde,85,1337,Star,0,5,63.0,69,0.0,0.07246376811594203
Amaras Verde Mezcal,4,64,Dog,0,0,0.0,2,0.0,0.0
Amaretto,194,2517,Star,0,23,2796.0,165,0.0,0.1393939393939394
Americano,10,8,Dog,0,4,24.0,9,0.0,0.4444444444444444
Ammaretto,21,263,Plowhorse,0,2,56.0,13,0.0,0.15384615384615385
Ancho Reyes,5,36,Dog,3,1,184.0,4,0.75,0.25
Andre,1,130,Dog,1,1,150.0,1,1.0,1.0
Andre Clouet 3L,5,1350,Puzzle,0,5,16346.0,5,0.0,1.0
Andre Clouet GL,26,375,Plowhorse,0,6,1732.0,20,0.0,0.3
Andre Clout,3,225,Dog,0,0,0.0,3,0.0,0.0
"André Clouet, Rosé",2,179,Dog,1,1,60.0,2,0.5,0.5
Angel's Envy Bourbon,403,9672,Star,8,48,4652.0,345,0.02318840579710145,0.1391304347826087
Angel's Envy Cktl Sample (THU),5,40,Dog,0,0,0.0,1,0.0,0.0
Angel's Envy Rye,111,3951,Star,4,20,1906.0,99,0.04040404040404041,0.20202020202020202
Angels Envy EM,10,160,Dog,0,0,0.0,9,0.0,0.0
Angels Envy OF,6,96,Dog,0,0,0.0,6,0.0,0.0
Angels Envy Triple Oak,20,566,Star,3,2,32.0,15,0.2,0.13333333333333333
Angels Triple Oak Rhubarb OF (THU),10,160,Dog,0,0,0.0,6,0.0,0.0
Aperol,1302,17668,Star,18,193,8535.0,1134,0.015873015873015872,0.17019400352733685
Aperol- Daydream Spritz,27,432,Star,0,0,0.0,4,0.0,0.0
Aperol- Summer Solstice,7,112,Dog,0,0,0.0,6,0.0,0.0
Apple Cider Aperol Spritz,100,1456,Star,2,26,4856.0,97,0.020618556701030927,0.26804123711340205
Arette Blanco,1,16,Dog,0,1,24.0,1,0.0,1.0
Asparagus Roll,9,180,Dog,0,1,12.0,9,0.0,0.1111111111111111
Astral Blanco,4,62,Dog,0,0,0.0,3,0.0,0.0
Austin Paso Robles GL,52,668,Star,1,16,1740.0,50,0.02,0.32
Avion Cristalino,33,1070,Star,2,6,36.0,19,0.10526315789473684,0.3157894736842105
BF Refill,2,0,Dog,0,2,21.0,2,0.0,1.0
BR Fries,222,1567,Star,11,84,6490.0,210,0.05238095238095238,0.4
BR Shot,3415,28388,Star,72,389,30611.0,1390,0.051798561151079135,0.2798561151079137
BR Strawberry,5,80,Dog,0,0,0.0,5,0.0,0.0
"BTB - Cab. Sauv. - Iron + Sand, Paso Robles",5,320,Dog,2,2,79.0,5,0.4,0.4
"BTB - Champ. - Madame Zéro, Blanc de Blancs",6,360,Dog,2,2,148.0,6,0.3333333333333333,0.3333333333333333
"BTB - Lucien Albrecht, Crémant d'Alsace Rosé",6,272,Dog,1,3,12718.0,6,0.16666666666666666,0.5
"BTB - Sweet - Vietti, Moscato d'Asti",4,144,Dog,0,1,1385.0,4,0.0,0.25
BTB Cava,21,752,Star,4,6,1332.0,24,0.16666666666666666,0.25
"BTB Lucien Albrecht, Crémant d'Alsace Rosé",5,340,Dog,0,1,24.0,5,0.0,0.2
BTB MOET,2,150,Dog,0,0,0.0,2,0.0,0.0
BTB MOET & chandom,4,100,Dog,0,2,116.0,4,0.0,0.5
"BTB Madame Zéro, Blanc de Blancs",103,6322,Star,12,59,5200.0,93,0.12903225806451613,0.6344086021505376
BTB Prosseco,1,0,Dog,0,1,125.0,1,0.0,1.0
"BTB Telmont, Brut",4,200,Dog,1,2,200.0,4,0.25,0.5
"BTB Telmont, Rosé",9,900,Puzzle,1,2,130.0,9,0.1111111111111111,0.2222222222222222
BTB Whispering Angel,1,90,Dog,1,1,105.0,1,1.0,1.0
BTG HOUSE WHITE,14,182,Plowhorse,0,2,37.0,13,0.0,0.15384615384615385
BTG PROSECCO,21,285,Plowhorse,2,2,294.0,19,0.10526315789473684,0.10526315789473684
BTG SAUV BLANC,5,70,Dog,0,0,0.0,5,0.0,0.0
BTL 818 Reserve 750 mL,1,1000,Puzzle,0,0,0.0,1,0.0,0.0
BTL AGUA SOL BLANCO,3,400,Puzzle,1,3,937.0,3,0.3333333333333333,1.0
BTL Aguasol Reposado,5,1120,Puzzle,0,5,1029.0,5,0.0,1.0
BTL Angel's Envy Bourbon 750ml,15,4961,Star,3,1,362.0,15,0.2,0.06666666666666667
BTL Angel's Envy Rye 750ml,2,900,Puzzle,0,1,5.0,2,0.0,0.5
BTL Bacardi,4,1600,Puzzle,0,0,0.0,4,0.0,0.0
BTL Bacardi 8,14,5550,Star,6,1,50.0,14,0.42857142857142855,0.07142857142857142
BTL Belvedere 1.75L,12,5700,Star,2,3,682.0,12,0.16666666666666666,0.25
BTL Belvedere 1L,150,50355,Star,10,22,4214.0,144,0.06944444444444445,0.1527777777777778
BTL Blantons,1,1000,Puzzle,0,0,0.0,1,0.0,0.0
BTL Botanist 1L,2,600,Puzzle,1,0,0.0,2,0.5,0.0
BTL Buffalo Trace,1,300,Dog,1,0,0.0,1,1.0,0.0
BTL CASA DE SOL BLANCO,1,400,Puzzle,0,0,0.0,1,0.0,0.0
BTL Calirosa Bianco,4,1400,Puzzle,1,1,50.0,4,0.25,0.25
BTL Calirosa Repo 750ml,4,1050,Puzzle,2,1,645.0,4,0.5,0.25
BTL Captain Morgan,4,1130,Puzzle,2,1,500.0,4,0.5,0.25
BTL Casa Dragones Blanco 750ml,61,29900,Star,4,7,438.0,61,0.06557377049180328,0.11475409836065574
BTL Casa Dragones Reposado,4,3000,Puzzle,2,1,200.0,4,0.5,0.25
BTL Casa del Sol Añejo 750ml,5,1050,Puzzle,1,4,908.0,5,0.2,0.8
BTL Casa del Sol Repo 750mL,33,11600,Star,6,9,1681.0,30,0.2,0.3
BTL Casamigos Blanco,1,400,Puzzle,1,1,332.0,1,1.0,1.0
BTL Casamigos Cristalino,27,11806,Star,3,6,826.0,27,0.1111111111111111,0.2222222222222222
BTL Casamigos Repo 750ml,1378,481098,Star,77,501,172251.0,1318,0.05842185128983308,0.38012139605462825
BTL Cincoro Blanco 750ml,9,3800,Puzzle,4,4,518.0,9,0.4444444444444444,0.4444444444444444
BTL Cincoro Reposado,1,600,Puzzle,1,0,0.0,1,1.0,0.0
BTL Clase Azul Repo 750ml,323,212784,Star,21,57,44902.0,305,0.06885245901639345,0.18688524590163935
BTL Class Azul Reposado 1.75L,10,19462,Puzzle,1,8,4904.0,10,0.1,0.8
BTL Codigo Blanco,11,4418,Puzzle,3,2,119.0,11,0.2727272727272727,0.18181818181818182
BTL Contraluz 750ml,5,1750,Puzzle,1,1,1150.0,5,0.2,0.2
BTL Crown Peach,3,930,Puzzle,0,1,500.0,3,0.0,0.3333333333333333
BTL Diplomatico Mantuano,1,400,Puzzle,0,0,0.0,1,0.0,0.0
BTL Diplomatico Planas,9,3550,Puzzle,0,2,62.0,9,0.0,0.2222222222222222
BTL Don Julio 1942 1.75L,5,7729,Puzzle,3,2,2240.0,5,0.6,0.4
BTL Don Julio 1942 750ml,167,99846,Star,12,81,31942.0,159,0.07547169811320754,0.5094339622641509
BTL Don Julio 70,213,102001,Star,18,40,18815.0,206,0.08737864077669903,0.1941747572815534
BTL Don Julio Blanco,8,2200,Puzzle,1,3,768.0,8,0.125,0.375
BTL Don Julio Reposado,74,35479,Star,7,19,7081.0,74,0.0945945945945946,0.25675675675675674
BTL Dos Hombres Joven 750ml,6,1750,Puzzle,3,2,2300.0,6,0.5,0.3333333333333333
BTL Flor de Caña,1,200,Dog,0,1,100.0,1,0.0,1.0
BTL Fortaleza Blanco,3,2100,Puzzle,2,1,2000.0,3,0.6666666666666666,0.3333333333333333
BTL Fortaleza Reposado,3,2850,Puzzle,1,1,150.0,3,0.3333333333333333,0.3333333333333333
BTL Glenlivet 18,1,1000,Puzzle,0,1,200.0,1,0.0,1.0
BTL Grey Goose 1.75L,60,29579,Star,10,11,2566.0,60,0.16666666666666666,0.18333333333333332
BTL Grey Goose 1L,347,117380,Star,21,45,8447.0,342,0.06140350877192982,0.13157894736842105
BTL Hendricks,17,5400,Star,0,0,0.0,17,0.0,0.0
BTL Hennessy VSOP,3,1692,Puzzle,0,1,500.0,3,0.0,0.3333333333333333
BTL Herradura Blanco,1,350,Dog,0,0,0.0,1,0.0,0.0
BTL Herradura Reposado,7,1425,Puzzle,1,4,1065.0,7,0.14285714285714285,0.5714285714285714
BTL JW Black,45,15800,Star,4,11,2314.0,45,0.08888888888888889,0.24444444444444444
BTL JW Blue 750ml,7,4788,Puzzle,1,5,1950.0,7,0.14285714285714285,0.7142857142857143
BTL Jameson,1,550,Puzzle,0,0,0.0,1,0.0,0.0
BTL Ketel One 1.75L,12,6000,Star,2,0,0.0,12,0.16666666666666666,0.0
BTL Ketel One 1L,52,15980,Star,2,9,3921.0,50,0.04,0.18
BTL LUCIEN,6,360,Dog,0,6,372.0,6,0.0,1.0
BTL Lalo,24,8000,Star,1,6,2570.0,24,0.041666666666666664,0.25
BTL Macallan 12 yrs,19,12526,Star,4,6,1205.0,19,0.21052631578947367,0.3157894736842105
BTL Macallan 18yrs 750ml,1,1500,Puzzle,1,1,14.0,1,1.0,1.0
BTL Makers,4,1500,Puzzle,1,1,100.0,4,0.25,0.25
BTL Ojo de Tigre,1,0,Dog,0,1,508.0,1,0.0,1.0
BTL Pinot Grigo House,1,30,Dog,0,0,0.0,1,0.0,0.0
BTL Ron Zacapa 23,4,1400,Puzzle,2,2,200.0,4,0.5,0.5
BTL Tanqueray 10 1L,4,1200,Puzzle,0,1,16.0,4,0.0,0.25
BTL Tanqueray Ten 1L,4,1200,Puzzle,1,1,10.0,4,0.25,0.25
BTL Tequila Ocho,12,5056,Star,0,4,2744.0,12,0.0,0.3333333333333333
BTL Titos,71,20613,Star,7,13,4616.0,72,0.09722222222222222,0.18055555555555555
BTL Woodford Reserve 750ml,22,7500,Star,0,3,221.0,22,0.0,0.13636363636363635
BYOBloodyMary,1,12,Dog,0,0,0.0,1,0.0,0.0
Bacardi,73,1098,Star,1,6,1320.0,56,0.017857142857142856,0.10714285714285714
Back In My Day,814,12706,Star,11,165,35028.0,714,0.015406162464985995,0.23109243697478993
Bacon,1,6,Dog,0,0,0.0,1,0.0,0.0
Bailey's,132,1648,Star,5,31,10781.0,118,0.0423728813559322,0.2627118644067797
Baker's 7yrs,9,179,Dog,1,4,672.0,8,0.125,0.5
Balvenie 12yrs,96,2454,Star,1,15,1018.0,80,0.0125,0.1875
Balvenie 14yrs,34,1046,Star,0,7,52.0,31,0.0,0.22580645161290322
Banana OF,73,710,Star,0,42,5208.0,42,0.0,1.0
Banquet,57,828,Star,13,14,5460.0,14,0.9285714285714286,1.0
Banshee GL,84,1148,Star,5,14,715.0,78,0.0641025641025641,0.1794871794871795
Barcadi 8,276,4061,Star,9,24,1816.0,246,0.036585365853658534,0.0975609756097561
Basil Hayden's,243,4911,Star,11,24,1295.0,209,0.05263157894736842,0.11483253588516747
Basil Hayden's Toast,25,479,Star,1,7,266.0,20,0.05,0.35
Bb,1,2400,Puzzle,1,0,0.0,1,1.0,0.0
Beef Quesadilla,51,300,Plowhorse,5,31,956.0,48,0.10416666666666667,0.6458333333333334
Beef Quesadillas,44,370,Plowhorse,4,14,696.0,44,0.09090909090909091,0.3181818181818182
Beef Slider,72,550,Star,2,8,2119.0,11,0.18181818181818182,0.7272727272727273
Beef Tacos,5,50,Dog,1,3,36.0,5,0.2,0.6
Beef and Rice,65,550,Star,3,13,176.0,61,0.04918032786885246,0.21311475409836064
Beluga Hybrid 1 oz,1,239,Dog,0,0,0.0,1,0.0,0.0
Belvedere,1305,22618,Star,29,126,13413.0,957,0.030303030303030304,0.13166144200626959
Benedictine,1,0,Dog,0,1,14.0,1,0.0,1.0
Berry By The Book,53,600,Star,3,16,3806.0,47,0.06382978723404255,0.3404255319148936
Beso de Fresa- Cinco de Mayo,8,112,Dog,0,2,339.0,8,0.0,0.25
Beso de Fresa- Cinco de Mayo Astral,20,320,Plowhorse,2,0,0.0,17,0.11764705882352941,0.0
Best of 3,7,140,Dog,0,1,18.0,7,0.0,0.14285714285714285
Big Rx,1,20,Dog,1,0,0.0,1,1.0,0.0
Birria Crunchwrap Supreme,116,1532,Star,6,57,5738.0,112,0.05357142857142857,0.5089285714285714
Birria Tacos,28,432,Star,1,4,74.0,26,0.038461538461538464,0.15384615384615385
Black Manhattan,11,132,Dog,1,0,0.0,11,0.09090909090909091,0.0
Blackberry Mocktail,367,4210,Star,7,73,7672.0,344,0.020348837209302327,0.21220930232558138
Blackened Salmon,9,168,Dog,0,3,88.0,9,0.0,0.3333333333333333
Blade & Bow Bourbon,1,17,Dog,0,0,0.0,1,0.0,0.0
Blade & Bow Paper Plane Whiskey Day,19,304,Plowhorse,0,0,0.0,12,0.0,0.0
Blanton's Bourbon,164,5934,Star,6,30,2278.0,147,0.04081632653061224,0.20408163265306123
Block Ice,1,10,Dog,0,0,0.0,1,0.0,0.0
Blood Money Margarita,29,458,Star,0,1,12.0,28,0.0,0.03571428571428571
"Blue Moon, White",1256,7691,Star,20,167,13251.0,1184,0.016891891891891893,0.14104729729729729
Board,2,600,Puzzle,0,0,0.0,2,0.0,0.0
Board & Bottle,467,13874,Star,10,220,5849.0,507,0.01972386587771203,0.4339250493096647
Boards,1,300,Dog,1,0,0.0,1,1.0,0.0
Bodyguard- Sir Davis,35,528,Star,0,2,88.0,27,0.0,0.07407407407407407
Bombay Sapphire,805,11155,Star,19,99,4611.0,734,0.025885558583106268,0.13487738419618528
Bottle Replacememt*,1,50,Dog,1,0,0.0,1,1.0,0.0
Bottle Service Minimum,1,283,Dog,1,0,0.0,1,1.0,0.0
Bottomless Fries,1,20,Dog,0,1,7.0,1,0.0,1.0
Bouchaine BTL,1,75,Dog,0,0,0.0,1,0.0,0.0
Bouchaine GL,31,486,Star,3,7,1253.0,27,0.1111111111111111,0.25925925925925924
Boulevardier,84,1153,Star,4,18,500.0,80,0.05,0.225
Bowl Blueberries,1,5,Dog,0,0,0.0,1,0.0,0.0
Braised Short Rib Sliders,82,1150,Star,4,36,4038.0,71,0.056338028169014086,0.5070422535211268
Break Room Breakfast,242,1848,Star,3,31,2463.0,121,0.024793388429752067,0.256198347107438
Break Shot,47,406,Star,1,3,100.0,23,0.043478260869565216,0.13043478260869565
Break room breakfast,112,863,Star,1,47,2701.0,76,0.013157894736842105,0.618421052631579
Breast Regards Sour,35,470,Star,0,17,910.0,33,0.0,0.5151515151515151
Brunch Board,2053,51034,Star,65,900,56372.0,2179,0.029830197338228545,0.4130335016062414
Btl Jameson,1,400,Puzzle,0,0,0.0,1,0.0,0.0
Buddi Seltzer-  Strawberry Fields,2,30,Dog,0,0,0.0,2,0.0,0.0
Buddi Seltzer- Berry Lime Bliss,2,30,Dog,0,0,0.0,2,0.0,0.0
Buddi THC,14,157,Plowhorse,1,6,372.0,14,0.07142857142857142,0.42857142857142855
Buffalo Trace,612,9758,Star,8,54,8640.0,557,0.01436265709156194,0.09694793536804308
Bulk Wine,2,18300,Puzzle,1,0,0.0,2,0.5,0.0
Bulleit Bourbon,605,9247,Star,2,54,8748.0,517,0.0038684719535783366,0.10444874274661509
Bulleit Rye,140,2158,Star,5,13,998.0,124,0.04032258064516129,0.10483870967741936
Bulleit Rye Old Fashion Whiskey Day,13,208,Plowhorse,0,0,0.0,5,0.0,0.0
Bulliet Rye,494,7630,Star,3,64,1781.0,430,0.0069767441860465115,0.14883720930232558
Bumps & Bubbles,14,222,Plowhorse,0,2,1852.0,2,0.0,1.0
Burrata Board,96,5478,Star,14,35,1322.0,107,0.1308411214953271,0.32710280373831774
Bushmills,268,2669,Star,5,12,2198.0,143,0.03496503496503497,0.08391608391608392
Business Casual,8,128,Dog,0,1,18.0,8,0.0,0.125
Ca. Sauv. - DAOU,9,600,Puzzle,0,2,150.0,11,0.0,0.18181818181818182
Cab,1,30,Dog,0,0,0.0,1,0.0,0.0
"Cab. Franc - Tessier ""Camino Alto""",8,480,Puzzle,1,1,8.0,8,0.125,0.125
"Cab. Sauv. - Caymus, Napa Valley (1L)",33,4528,Star,3,9,12998.0,32,0.09375,0.28125
"Cab. Sauv. - Sextant, Paso Robles",10,472,Puzzle,3,2,1397.0,9,0.3333333333333333,0.2222222222222222
"Cab. Sauv. - Slate, High Valley",4,326,Dog,1,0,0.0,7,0.14285714285714285,0.0
Cake Cutting Fee,5,155,Dog,0,2,410.0,5,0.0,0.4
Cake Fee,1,0,Dog,0,1,133.0,1,0.0,1.0
Calirosa Blanco,264,4221,Star,0,43,2342.0,162,0.0,0.2654320987654321
Calirosa Repo,51,970,Star,2,4,46.0,35,0.05714285714285714,0.11428571428571428
Campari,71,883,Star,0,8,436.0,57,0.0,0.14035087719298245
Cappuccino,13,0,Plowhorse,0,0,0.0,13,0.0,0.0
Captain Morgan,403,5592,Star,1,38,1644.0,361,0.002770083102493075,0.10526315789473684
Carajillo,12038,181439,Star,110,1971,160727.0,10635,0.010343206393982134,0.18533145275035262
Caramel Macchiato,1556,22237,Star,13,435,19811.0,1466,0.008867667121418827,0.2967257844474761
Caravedo Pisco Quebranta,40,557,Star,2,4,58.0,36,0.05555555555555555,0.1111111111111111
Carne Asada Fried Rice,182,2459,Star,8,92,6900.0,176,0.045454545454545456,0.5227272727272727
Carpano Antica Formula,1,14,Dog,1,0,0.0,1,1.0,0.0
Casa Dragones Añejo,5,325,Dog,1,0,0.0,3,0.3333333333333333,0.0
Casa Dragones Blanco,184,3993,Star,0,22,2445.0,114,0.0,0.19298245614035087
Casa Dragones Reposado,53,2091,Star,4,2,132.0,31,0.12903225806451613,0.06451612903225806
Casa Migos Substitue,1,50,Dog,0,1,266.0,1,0.0,1.0
Casa Spicy,1,15,Dog,0,0,0.0,1,0.0,0.0
Casa de Sol Añejo,37,882,Star,1,8,577.0,28,0.03571428571428571,0.2857142857142857
Casa de Sol añejo,35,919,Star,1,4,82.0,22,0.045454545454545456,0.18181818181818182
Casa del Sol,149,2605,Star,2,12,1310.0,104,0.019230769230769232,0.11538461538461539
Casa del Sol Reposado,23,444,Star,0,0,0.0,14,0.0,0.0
Casamigos Blanco,415,6695,Star,9,33,4237.0,277,0.032490974729241874,0.11913357400722022
Casamigos Cristalino,520,9953,Star,11,70,2886.0,339,0.032448377581120944,0.20648967551622419
Casamigos Reposado,24824,378625,Star,268,2540,326764.0,15910,0.01684475172847266,0.1596480201131364
Casamigos Upcharge,1,50,Dog,0,0,0.0,1,0.0,0.0
Cassis Margarita,18,216,Plowhorse,0,0,0.0,12,0.0,0.0
Caviar,2,20,Dog,0,0,0.0,2,0.0,0.0
Caymus BTL,5,618,Puzzle,0,2,613.0,3,0.0,0.6666666666666666
Centenario,1,16,Dog,0,0,0.0,1,0.0,0.0
Centenario Reposado,4,64,Dog,0,0,0.0,2,0.0,0.0
Chairman's Reserve Spiced,10,134,Dog,2,2,160.0,8,0.25,0.25
"Champ. - André Clouet, Rosé",1,119,Dog,0,0,0.0,1,0.0,0.0
"Champ. - Dom Pérignon, Brut '13",4,2800,Puzzle,1,0,0.0,4,0.25,0.0
"Champ. - Dom Pérignon, LUMINOUS, Brut '12",10,7200,Puzzle,0,2,12682.0,9,0.0,0.2222222222222222
"Champ. - Dom Pérignon, LUMINOUS, Brut MAGNUM '10",1,1400,Puzzle,1,0,0.0,1,1.0,0.0
"Champ. - Dom Pérignon, LUMINOUS, Rosé '08",3,3000,Puzzle,2,0,0.0,3,0.6666666666666666,0.0
"Champ. - Louis Revoir, Brut",2,198,Dog,1,0,0.0,2,0.5,0.0
"Champ. - Madame Zéro, Rosé",5,750,Puzzle,0,0,0.0,5,0.0,0.0
"Champ. - Moët & Chandon, Brut",5,749,Puzzle,0,2,108.0,4,0.0,0.5
"Champ. - Ruinart, Blanc de Blancs",1,250,Dog,0,0,0.0,1,0.0,0.0
"Champ. - Veuve Clicquot, Brut",30,4622,Star,3,8,13198.0,28,0.10714285714285714,0.2857142857142857
"Champ. - Veuve Clicquot, Brut MAGNUM",6,2700,Puzzle,0,0,0.0,6,0.0,0.0
"Champ. - Veuve Clicquot, Rosé",12,2160,Star,0,1,28.0,10,0.0,0.1
Charcuterie  Board,1,55,Dog,0,0,0.0,1,0.0,0.0
Charcuterie Board,2,250,Dog,0,2,986.0,2,0.0,1.0
"Chardonnay - J Vineyards, Russian River Valley",4,168,Dog,0,1,28.0,4,0.0,0.25
Chardonnay - Sonoma Cutrer,10,572,Puzzle,0,6,204.0,10,0.0,0.6
Charge,1,0,Dog,0,0,0.0,1,0.0,0.0
Chartreuse Green,75,1320,Star,1,5,270.0,50,0.02,0.1
Chartreuse Yellow,3,68,Dog,0,0,0.0,2,0.0,0.0
Chateau Miraval BTL,8,480,Puzzle,0,2,24.0,8,0.0,0.25
Chateau Miraval GL,23,352,Plowhorse,2,3,201.0,22,0.09090909090909091,0.13636363636363635
Cheese & Tomato Soup Bites,1,0,Dog,0,1,6.0,1,0.0,1.0
Cherry Heering,3,36,Dog,3,3,48.0,3,1.0,1.0
Chicken,1,6,Dog,0,1,52.0,1,0.0,1.0
Chicken Quesadilla,95,544,Star,5,59,1735.0,90,0.05555555555555555,0.6555555555555556
Chicken Quesadillas,65,570,Star,4,11,101.0,62,0.06451612903225806,0.1774193548387097
Chicken Tacos,3,20,Dog,1,2,22.0,3,0.3333333333333333,0.6666666666666666
Chicken and Rice,27,220,Plowhorse,1,5,66.0,26,0.038461538461538464,0.19230769230769232
Chickens,3,48,Dog,0,0,0.0,3,0.0,0.0
Chili Dandy,99,990,Star,24,25,9750.0,25,0.96,1.0
Chinola,4,36,Dog,3,1,24.0,4,0.75,0.25
Chipotle Shrimp Tartine,11,111,Dog,1,4,488.0,11,0.09090909090909091,0.36363636363636365
Chips,4,21,Dog,0,1,6.0,4,0.0,0.25
Chips & Dips,46,216,Plowhorse,8,20,1573.0,33,0.24242424242424243,0.6060606060606061
Chips & Guac,6,6,Dog,0,0,0.0,6,0.0,0.0
Chips & Queso,10,0,Dog,0,8,85.0,10,0.0,0.8
Chips & Queso W/ Pico,1,0,Dog,0,0,0.0,1,0.0,0.0
Chips & Snacks,1,15,Dog,0,0,0.0,1,0.0,0.0
Chips And Guac,2,16,Dog,0,1,124.0,2,0.0,0.5
Chips And Guacamole,2,0,Dog,0,1,30.0,2,0.0,0.5
Chips And Queso,3,0,Dog,0,3,72.0,3,0.0,1.0
Chocolate Mocha,136,1982,Star,4,36,2879.0,129,0.031007751937984496,0.27906976744186046
Choice Mimosa,243,2904,Star,6,15,700.0,223,0.026905829596412557,0.06726457399103139
Chopin,66,1069,Star,17,16,542.0,57,0.2982456140350877,0.2807017543859649
Cinco Tacos (3),9,102,Dog,1,4,556.0,7,0.14285714285714285,0.5714285714285714
Cincoro & Caviar,21,735,Star,0,0,0.0,1,0.0,0.0
Cincoro Añejo,47,1885,Star,2,1,56.0,21,0.09523809523809523,0.047619047619047616
Cincoro Blanco,130,3036,Star,3,9,357.0,44,0.06818181818181818,0.20454545454545456
Cincoro Gold,9,593,Puzzle,1,0,0.0,8,0.125,0.0
Cincoro Reposado,88,2572,Star,1,9,279.0,47,0.02127659574468085,0.19148936170212766
Cincoro Ultra Añejo,3,900,Puzzle,2,0,0.0,3,0.6666666666666666,0.0
Citadelle,22,316,Plowhorse,3,7,314.0,21,0.14285714285714285,0.3333333333333333
Clase Azul Añejo,3,255,Dog,0,0,0.0,1,0.0,0.0
Clase Azul Repo,957,42563,Star,22,88,32761.0,534,0.04119850187265917,0.1647940074906367
Claude Vialade,1,46,Dog,0,1,12.0,1,0.0,1.0
Clocked-In Marg,5,11,Dog,0,3,418.0,3,0.0,1.0
Cloudy Bay BTL,6,354,Dog,2,2,584.0,5,0.4,0.4
Cloudy Bay GL,190,2808,Star,3,42,5596.0,154,0.01948051948051948,0.2727272727272727
Cloudy Bay Sauv Blanc,12,1080,Star,8,4,62.0,12,0.6666666666666666,0.3333333333333333
Cocchi Americano,37,370,Plowhorse,37,0,0.0,37,1.0,0.0
Cocktail,2,20,Dog,0,0,0.0,2,0.0,0.0
Codigo Blanco,458,7559,Star,2,52,2004.0,328,0.006097560975609756,0.15853658536585366
Codigo Margarita,11,146,Dog,0,2,20.0,3,0.0,0.6666666666666666
Codigo Reposado,70,1156,Star,1,4,272.0,39,0.02564102564102564,0.10256410256410256
Codigo Rosa,16,242,Plowhorse,0,2,46.0,9,0.0,0.2222222222222222
Cointreau,3,36,Dog,1,0,0.0,2,0.5,0.0
Coke,860,2543,Star,39,129,33788.0,707,0.055162659123055166,0.18246110325318246
Comp,1,0,Dog,1,1,283.0,1,1.0,1.0
Confetti,1,40,Dog,0,0,0.0,1,0.0,0.0
Contraluz,222,3644,Star,1,27,1547.0,191,0.005235602094240838,0.14136125654450263
Corn,4,32,Dog,0,0,0.0,4,0.0,0.0
Corporate Charcuterie Board,6,1324,Puzzle,0,3,1044.0,4,0.0,0.75
Cosmopolitan,897,12008,Star,26,225,18509.0,837,0.03106332138590203,0.26881720430107525
Crackers,1,1,Dog,0,0,0.0,1,0.0,0.0
Cranberry Juice,1662,3245,Star,29,117,35201.0,738,0.03929539295392954,0.15853658536585366
"Cremant - JCB ""Caviar"", Bourgogne",11,825,Puzzle,3,2,50.0,11,0.2727272727272727,0.18181818181818182
Crispy Bacon,1,5,Dog,0,0,0.0,1,0.0,0.0
Cristalino Margarita,58,568,Star,3,0,0.0,39,0.07692307692307693,0.0
Crowan Reserve,1,16,Dog,0,0,0.0,1,0.0,0.0
Crown  Royal Black,14,244,Plowhorse,0,0,0.0,13,0.0,0.0
Crown Black,27,366,Plowhorse,0,4,5864.0,20,0.0,0.2
Crown Espresso Martini,8,112,Dog,0,0,0.0,7,0.0,0.0
Crown Peach,87,1170,Star,1,4,268.0,64,0.015625,0.0625
Crown Peach Royal Rider Whiskey Day,9,144,Dog,0,0,0.0,5,0.0,0.0
Crown Reserve,73,1272,Star,4,1,24.0,57,0.07017543859649122,0.017543859649122806
Crown Reserve OF,54,711,Star,2,8,185.0,47,0.0425531914893617,0.1702127659574468
Crown Royal,788,11711,Star,31,57,30083.0,644,0.04813664596273292,0.08850931677018634
Crown Royal 18 Extra Rare,5,193,Dog,1,0,0.0,5,0.2,0.0
Crown Royal 18 Yr,2,74,Dog,1,0,0.0,1,1.0,0.0
Crown Royal Black,14,236,Plowhorse,1,2,64.0,12,0.08333333333333333,0.16666666666666666
Crown espresso martini,10,120,Dog,0,4,48.0,8,0.0,0.5
Crudo,14,216,Plowhorse,1,4,218.0,13,0.07692307692307693,0.3076923076923077
Cup,1,1,Dog,0,0,0.0,1,0.0,0.0
Cute,1,0,Dog,0,0,0.0,1,0.0,0.0
Côtes de Provence - Avaline,12,468,Star,2,2,193.0,10,0.2,0.2
Côtes de Provence - Château Roubine,5,300,Dog,0,0,0.0,5,0.0,0.0
"Côtes de Provence - Miraval, MAGNUM",3,240,Dog,0,3,13770.0,3,0.0,1.0
DJ,10,3230,Puzzle,2,5,4178.0,10,0.2,0.5
DJ 2 Hrs,2,250,Dog,0,0,0.0,2,0.0,0.0
DJ 2 hours,1,200,Dog,0,1,607.0,1,0.0,1.0
DJ @ $125,1,359,Dog,0,1,500.0,1,0.0,1.0
Daiquiri,51,685,Star,6,14,823.0,48,0.125,0.2916666666666667
Decaf American,3,0,Dog,0,0,0.0,3,0.0,0.0
Decaf Cappuccino,2,0,Dog,0,0,0.0,2,0.0,0.0
Decaf Espresso,4,1,Dog,1,0,0.0,4,0.25,0.0
Decaf Latte,3,0,Dog,0,0,0.0,3,0.0,0.0
Deposit,1,250,Dog,0,0,0.0,1,0.0,0.0
Deposit August 16,1,100,Dog,0,0,0.0,1,0.0,0.0
Deposit Nov 1 2pm,1,100,Dog,0,0,0.0,1,0.0,0.0
Dessert Board,1,0,Dog,0,0,0.0,1,0.0,0.0
Devon,1,250,Dog,0,0,0.0,1,0.0,0.0
Diet Coke,480,1425,Star,7,85,8093.0,425,0.01647058823529412,0.2
Difference,1,200,Dog,0,0,0.0,1,0.0,0.0
Diplomatico Mantuano,525,8156,Star,8,42,1430.0,444,0.018018018018018018,0.0945945945945946
Diplomatico Planas,1929,24562,Star,12,112,10865.0,1614,0.007434944237918215,0.06939281288723669
Dirty Chai Martini,1322,19872,Star,13,221,12802.0,1253,0.010375099760574621,0.17637669592976857
Dom Perignon GL,4,520,Puzzle,2,0,0.0,3,0.6666666666666666,0.0
"Dom Pérignon, Brut '13",78,36905,Star,7,55,42801.0,79,0.08860759493670886,0.6962025316455697
"Dom Pérignon, Brut '15",8,5785,Puzzle,1,2,2051.0,7,0.14285714285714285,0.2857142857142857
"Dom Pérignon, LUMINOUS, Brut '12",33,27457,Star,2,10,4734.0,33,0.06060606060606061,0.30303030303030304
"Dom Pérignon, LUMINOUS, Rosé '08",16,23500,Star,0,0,0.0,15,0.0,0.0
Don Fulano,1,100,Dog,0,0,0.0,1,0.0,0.0
Don Fulano Blanco,49,811,Star,1,2,16.0,27,0.037037037037037035,0.07407407407407407
Don Fulano Reposado,15,270,Plowhorse,0,1,6.0,9,0.0,0.1111111111111111
Don Julio,1,14,Dog,0,0,0.0,1,0.0,0.0
Don Julio 1942,434,21464,Star,18,13,1322.0,263,0.06844106463878327,0.049429657794676805
Don Julio 70,2422,59185,Star,26,205,17633.0,1538,0.016905071521456438,0.13328998699609884
Don Julio Alma Miel,19,538,Star,1,1,124.0,13,0.07692307692307693,0.07692307692307693
Don Julio Blanco,464,6090,Star,15,61,3553.0,327,0.045871559633027525,0.18654434250764526
Don Julio Frozen,32,496,Star,1,1,88.0,27,0.037037037037037035,0.037037037037037035
Don Julio Rep No Paper Trail,34,544,Star,0,0,0.0,34,0.0,0.0
Don Julio Repo,5486,99111,Star,47,457,43095.0,3465,0.013564213564213565,0.1318903318903319
Door Cover $100,6,600,Puzzle,0,0,0.0,4,0.0,0.0
Door Cover $40,9,360,Dog,0,0,0.0,6,0.0,0.0
Door Cover $50,12,600,Star,0,0,0.0,10,0.0,0.0
Door Cover $60,15,900,Star,0,0,0.0,8,0.0,0.0
Dos Hombres,315,6031,Star,7,43,1432.0,256,0.02734375,0.16796875
Dos Hombres Tobala,19,952,Star,4,0,0.0,12,0.3333333333333333,0.0
"Dos XX, Lager",8770,53772,Star,89,887,111821.0,7721,0.011527004274057765,0.11488149203471053
Drink Ticket,2,1000,Puzzle,0,0,0.0,2,0.0,0.0
Drink Tickets,90,1130,Star,0,1,400.0,1,0.0,1.0
Dry Agenda,154,1800,Star,1,37,13063.0,145,0.006896551724137931,0.25517241379310346
E.H. Taylor,42,1239,Star,1,6,126.0,38,0.02631578947368421,0.15789473684210525
Eagle Rare 10yrs,204,7487,Star,9,24,1449.0,162,0.05555555555555555,0.14814814814814814
Eastside,93,1472,Star,1,1,141.0,72,0.013888888888888888,0.013888888888888888
Edamame,11,0,Dog,1,2,132.0,11,0.09090909090909091,0.18181818181818182
Eel,7,35,Dog,0,0,0.0,5,0.0,0.0
El Tequileno Blanco,5,15,Dog,0,1,900.0,2,0.0,0.5
El Tesoro Anejo,39,795,Star,4,5,938.0,25,0.16,0.2
El Tesoro Blanco,35,651,Star,1,3,532.0,22,0.045454545454545456,0.13636363636363635
El Tesoro Reposado,149,3110,Star,0,17,416.0,94,0.0,0.18085106382978725
Elijah Craig Barrel Proof,25,575,Star,1,4,396.0,19,0.05263157894736842,0.21052631578947367
Elijah Craig Small Batch,26,513,Star,0,8,410.0,23,0.0,0.34782608695652173
Elote,9,9,Dog,0,2,58.0,9,0.0,0.2222222222222222
Empanadas,228,2378,Star,9,93,7089.0,204,0.04411764705882353,0.45588235294117646
Empress,25,422,Star,1,3,92.0,23,0.043478260869565216,0.13043478260869565
Empress Indigo,164,2809,Star,7,30,1087.0,153,0.0457516339869281,0.19607843137254902
Empress Rose,37,600,Star,3,11,451.0,35,0.08571428571428572,0.3142857142857143
Entry Ticket X2,1,150,Dog,0,0,0.0,1,0.0,0.0
Espolon,100,1451,Star,5,9,952.0,72,0.06944444444444445,0.125
Espolon Blanco,490,7520,Star,3,42,2899.0,346,0.008670520231213872,0.12138728323699421
Espresso,231,1390,Star,6,52,8979.0,198,0.030303030303030304,0.26262626262626265
Espresso Kisses,67,1016,Star,0,15,608.0,33,0.0,0.45454545454545453
Espresso Martini,20301,303749,Star,299,3627,285213.0,18167,0.01645841360708978,0.19964771288600208
Executive Therapy,105,1378,Star,3,31,2533.0,101,0.0297029702970297,0.3069306930693069
Executive therapy,103,1140,Star,2,55,2806.0,93,0.021505376344086023,0.5913978494623656
Extra bacon 4 pieces,2,16,Dog,1,1,6.0,2,0.5,0.5
Falafel,1,3,Dog,0,1,6.0,1,0.0,1.0
Fancy Pants Paloma,20,312,Plowhorse,5,0,0.0,6,0.8333333333333334,0.0
Fernet Branca,47,579,Star,3,7,92.0,41,0.07317073170731707,0.17073170731707318
Fernet Branca Menta,4,50,Dog,0,1,2.0,3,0.0,0.3333333333333333
Fernet Irish Coffee,21,324,Plowhorse,3,3,40.0,21,0.14285714285714285,0.14285714285714285
Fiscal Fig,129,1838,Star,2,31,912.0,119,0.01680672268907563,0.2605042016806723
Flor De Caña 25yr,3,139,Dog,0,0,0.0,3,0.0,0.0
Flor de Caña 12yrs,98,1683,Star,5,12,392.0,84,0.05952380952380952,0.14285714285714285
Fords Gin,3369,43199,Star,18,259,52425.0,2858,0.006298110566829951,0.09062281315605318
Fortaleza Anejo Half Pour,1,22,Dog,0,1,8.0,1,0.0,1.0
Fortaleza Añejo,84,3601,Star,0,14,750.0,54,0.0,0.25925925925925924
Fortaleza Blanco,412,9206,Star,8,40,1447.0,263,0.030418250950570342,0.1520912547528517
Fortaleza Reposado,403,10740,Star,11,59,4387.0,281,0.03914590747330961,0.2099644128113879
Four Roses,39,770,Star,1,4,173.0,35,0.02857142857142857,0.11428571428571428
Four Roses Single Barrel,23,518,Star,2,6,146.0,20,0.1,0.3
French 75,1142,15706,Star,10,277,14974.0,1076,0.00929368029739777,0.25743494423791824
Frey Ranch Ckl,4,60,Dog,0,0,0.0,2,0.0,0.0
Frey Ranch Rye,1,18,Dog,0,0,0.0,1,0.0,0.0
Fried Pickles,1,5,Dog,0,1,12.0,1,0.0,1.0
Frozen Assets,542,8271,Star,14,127,10989.0,513,0.02729044834307992,0.2475633528265107
Frozen Cherry Cola,13,168,Plowhorse,1,3,48.0,12,0.08333333333333333,0.25
Frozen Irish Coffee,61,474,Star,2,7,86.0,56,0.03571428571428571,0.125
Frozen Margarita,8,73,Dog,0,6,451.0,8,0.0,0.75
Frozen Margartia,22,102,Plowhorse,1,8,340.0,13,0.07692307692307693,0.6153846153846154
Frozen Profit Squeeze,9,139,Dog,1,1,10.0,9,0.1111111111111111,0.1111111111111111
Frozen Rita From Accounting,14,204,Plowhorse,0,5,1098.0,14,0.0,0.35714285714285715
Frozen Spresso Martini,29,290,Plowhorse,0,23,2852.0,26,0.0,0.8846153846153846
Frozen White,77,1136,Star,1,20,782.0,72,0.013888888888888888,0.2777777777777778
Fruit Plate,1,50,Dog,0,1,108.0,1,0.0,1.0
G,4,0,Dog,3,0,0.0,4,0.75,0.0
GA Ticket,28,2600,Star,4,1,200.0,16,0.25,0.0625
"GL - Champagne - Madame Zero, Blanc de Blancs",445,7818,Star,15,79,3804.0,401,0.03740648379052369,0.1970074812967581
GL - House Chardonnay,103,1211,Star,1,43,2285.0,100,0.01,0.43
"GL Cabernet Sauv - Iron + Sand, Paso Robles",233,3712,Star,10,31,1765.0,216,0.046296296296296294,0.14351851851851852
GL Champagne - Telmont,413,6142,Star,8,114,4798.0,390,0.020512820512820513,0.2923076923076923
"GL Chardonnay - A to Z Vineyards, Oregon",363,4326,Star,13,66,15031.0,343,0.037900874635568516,0.1924198250728863
GL Cloudy Bay,6,96,Dog,0,1,33.0,6,0.0,0.16666666666666666
GL Daou,2,34,Dog,0,1,140.0,2,0.0,0.5
GL House Cabernet,281,3871,Star,9,57,1718.0,273,0.03296703296703297,0.2087912087912088
GL House Cava,775,8741,Star,10,122,9440.0,669,0.014947683109118086,0.18236173393124067
GL House Chardonnay,21,252,Plowhorse,7,3,223.0,19,0.3684210526315789,0.15789473684210525
GL House Pinot Grigio,160,1848,Star,10,30,958.0,150,0.06666666666666667,0.2
GL House Pinot Noir,269,3705,Star,12,56,8387.0,265,0.045283018867924525,0.21132075471698114
GL House Red,345,4045,Star,7,79,4273.0,327,0.021406727828746176,0.2415902140672783
"GL Pinot Noir - Willful Wine ""Jezebel"", Oregon",244,3347,Star,4,24,1983.0,226,0.017699115044247787,0.10619469026548672
"GL Rosé - Famille Perrin, Côtes du Rhône",107,1224,Star,6,30,764.0,104,0.057692307692307696,0.28846153846153844
GL Rosé - Whispering Angel,123,1540,Star,7,32,1994.0,115,0.06086956521739131,0.2782608695652174
GL Sauvignon Blanc,30,364,Plowhorse,8,8,839.0,26,0.3076923076923077,0.3076923076923077
"GL Sauvignon Blanc - Tangent, Central Coast",668,7856,Star,15,143,8736.0,628,0.02388535031847134,0.22770700636942676
GL Sauvignon Blanc House,169,1968,Star,4,44,5155.0,155,0.025806451612903226,0.2838709677419355
"GL Sparkling Rosé - Lucien Albrecht, Cremant d'Alsace",185,3077,Star,3,46,29959.0,168,0.017857142857142856,0.27380952380952384
GL Sparkling Rosé - Telmont,214,3854,Star,9,75,3797.0,208,0.04326923076923077,0.3605769230769231
"GL Sweet - Vietti, Moscoto d'Asti",54,636,Star,4,7,74.0,50,0.08,0.14
GL Veuve,128,2522,Star,4,18,1470.0,120,0.03333333333333333,0.15
Gaby,1,0,Dog,0,0,0.0,1,0.0,0.0
George T Stagg Bourbon,17,718,Star,1,4,168.0,12,0.08333333333333333,0.3333333333333333
"Ghost in the Machine, IPA",160,1097,Star,4,29,744.0,162,0.024691358024691357,0.17901234567901234
Ghosted By HR,53,672,Star,2,17,1054.0,53,0.03773584905660377,0.32075471698113206
Giffard Litchi Li,2,24,Dog,0,0,0.0,2,0.0,0.0
Giffard Rhubarb,8,80,Dog,8,0,0.0,8,1.0,0.0
Gimlet,91,1131,Star,5,29,1429.0,86,0.05813953488372093,0.3372093023255814
Gin Mare,24,403,Star,2,5,123.0,21,0.09523809523809523,0.23809523809523808
Gin Mare Capri,2,34,Dog,0,0,0.0,1,0.0,0.0
Gin Martini,174,2470,Star,6,51,3900.0,164,0.036585365853658534,0.31097560975609756
Ginger Beer,56,114,Plowhorse,1,4,288.0,49,0.02040816326530612,0.08163265306122448
Gingerbread Espresso Martini,272,4059,Star,2,46,4170.0,255,0.00784313725490196,0.1803921568627451
Give Pride a Shot- Herradura,10,100,Dog,2,0,0.0,3,0.6666666666666666,0.0
Glenfiddich 18yrs,31,1124,Star,0,7,818.0,23,0.0,0.30434782608695654
Glenlivet 14yrs,194,4429,Star,9,23,2898.0,159,0.05660377358490566,0.14465408805031446
Glenlivet 18yrs,16,623,Star,0,3,36.0,10,0.0,0.3
Glenmorangie Lasanta,9,198,Dog,0,1,28.0,6,0.0,0.16666666666666666
Glenmorangie Quinta Ruban,2,20,Dog,1,1,23.0,2,0.5,0.5
Goat Cheese,4,0,Dog,0,3,38.0,4,0.0,0.75
Gran Centenario Cristalino,9,140,Dog,0,1,44.0,8,0.0,0.125
Gran Centenario Reposado,3,50,Dog,0,0,0.0,3,0.0,0.0
Grand Marnier,45,641,Star,0,6,410.0,36,0.0,0.16666666666666666
Green Back,240,2133,Star,6,4,139.0,107,0.056074766355140186,0.037383177570093455
Green Tea,132,1584,Star,0,5,114.0,95,0.0,0.05263157894736842
Green Tea Shot,147,695,Star,0,20,326.0,94,0.0,0.2127659574468085
Greenhouse G&T,8,64,Dog,0,0,0.0,8,0.0,0.0
Grey Goose,4365,75539,Star,46,420,62380.0,3538,0.013001695873374788,0.11871113623516111
Grst,1,1,Dog,0,0,0.0,1,0.0,0.0
Guac,2,2,Dog,0,2,26.0,2,0.0,1.0
Guac & Chips,1,6,Dog,0,0,0.0,1,0.0,0.0
Guac & Queso,2,20,Dog,0,0,0.0,2,0.0,0.0
Guac Chips,1,6,Dog,1,0,0.0,1,1.0,0.0
Guacamole,1,5,Dog,0,0,0.0,1,0.0,0.0
Guiness,70,490,Star,0,6,42.0,66,0.0,0.09090909090909091
Guinness,104,743,Star,2,12,1475.0,99,0.020202020202020204,0.12121212121212122
Gyoza,23,276,Plowhorse,0,6,212.0,22,0.0,0.2727272727272727
HH 12 Hour Jet Lag,2,24,Dog,0,0,0.0,2,0.0,0.0
HH 12 Hour Jetlag,1,0,Dog,0,1,24.0,1,0.0,1.0
HH Carajillo,19,180,Plowhorse,0,4,432.0,18,0.0,0.2222222222222222
HH Cosmopolitan,4,48,Dog,0,0,0.0,4,0.0,0.0
HH Drink Tickets,160,1600,Star,0,2,1214.0,3,0.0,0.6666666666666666
HH Espresso Martini,26,300,Plowhorse,4,9,280.0,25,0.16,0.36
HH French 75,2,24,Dog,0,0,0.0,2,0.0,0.0
HH Frozen Assets,3,36,Dog,0,0,0.0,3,0.0,0.0
HH Gimlet,1,12,Dog,0,0,0.0,1,0.0,0.0
HH Last Word,2,24,Dog,0,0,0.0,2,0.0,0.0
HH Low Hanging Fruit,36,426,Star,0,6,55.0,34,0.0,0.17647058823529413
HH Manhatten,2,24,Dog,0,0,0.0,2,0.0,0.0
HH Margarita,17,204,Plowhorse,1,1,4.0,16,0.0625,0.0625
HH Matcha Martini,52,492,Star,1,14,620.0,49,0.02040816326530612,0.2857142857142857
HH No Paper Trail,43,516,Star,0,0,0.0,40,0.0,0.0
HH Old Fashioned,7,84,Dog,0,0,0.0,7,0.0,0.0
HH Old Money Memo,4,48,Dog,0,0,0.0,4,0.0,0.0
HH Paloma,11,132,Dog,0,1,17.0,9,0.0,0.1111111111111111
HH Per My Pistachio,9,108,Dog,0,0,0.0,9,0.0,0.0
HH Profit Squeeze,6,72,Dog,0,1,16.0,6,0.0,0.16666666666666666
HH Skinny Ledger,31,348,Plowhorse,3,6,52.0,30,0.1,0.2
HH Skinny Marg,1,12,Dog,0,0,0.0,1,0.0,0.0
HH Vodka Martini,7,60,Dog,0,3,84.0,5,0.0,0.6
Haku,47,638,Star,7,4,70.0,40,0.175,0.1
Haku Vodka,3,1050,Puzzle,1,0,0.0,2,0.5,0.0
Hakushu 12,15,682,Star,1,0,0.0,15,0.06666666666666667,0.0
Half Spanish Board,1,0,Dog,0,1,15.0,1,0.0,1.0
Happy Girls Day,1,0,Dog,0,1,80.0,1,0.0,1.0
Harahorn,21,251,Plowhorse,1,14,6714.0,17,0.058823529411764705,0.8235294117647058
Hat,19,790,Star,3,3,85.0,15,0.2,0.2
Heater Breakage,1,309,Dog,0,0,0.0,1,0.0,0.0
"Heineken Zero, NA",180,1138,Star,9,30,2812.0,177,0.05084745762711865,0.1694915254237288
Hendricks,3167,51000,Star,41,404,41605.0,2778,0.014758819294456443,0.14542836573074155
Hennessy VSOP,827,17827,Star,17,113,12613.0,705,0.024113475177304965,0.16028368794326242
Hennessy VSOP Cktl Activation,32,448,Star,0,0,0.0,6,0.0,0.0
Hentley Farms riesling,1,30,Dog,0,1,48.0,1,0.0,1.0
Her Agave,10,150,Dog,0,2,52.0,10,0.0,0.2
Her Agave Shot,35,350,Plowhorse,1,1,16.0,1,1.0,1.0
Her Energy,36,480,Star,4,5,354.0,30,0.13333333333333333,0.16666666666666666
Her Espresso,34,510,Star,0,5,314.0,30,0.0,0.16666666666666666
Her Repo,17,255,Plowhorse,2,2,52.0,12,0.16666666666666666,0.16666666666666666
Her Soul,19,270,Plowhorse,2,4,583.0,19,0.10526315789473684,0.21052631578947367
Her Sweet Remedy,16,225,Plowhorse,0,2,84.0,13,0.0,0.15384615384615385
Herradura Blanco,15916,224571,Star,164,1258,213011.0,11042,0.014852381814888608,0.11392863611664554
Herradura Legend Añejo,71,2364,Star,3,1,142.0,19,0.15789473684210525,0.05263157894736842
Herradura Reposado,7519,99547,Star,81,912,111845.0,4662,0.017374517374517374,0.1956241956241956
Herradura Ultra,107,1866,Star,3,13,12198.0,73,0.0410958904109589,0.1780821917808219
Hibiki Harmony,35,990,Star,0,10,750.0,32,0.0,0.3125
High Noon,46,450,Star,4,1,26.0,45,0.08888888888888889,0.022222222222222223
High Noon Bucket,3,135,Dog,3,0,0.0,3,1.0,0.0
High West,1,18,Dog,0,0,0.0,1,0.0,0.0
His & Hers Package,58,2784,Star,0,0,0.0,1,0.0,0.0
Holiday Party Food,1,1600,Puzzle,0,1,175.0,1,0.0,1.0
Honey,3,0,Dog,0,3,38.0,3,0.0,1.0
Honey Buckin',2,28,Dog,0,2,48.0,2,0.0,1.0
Horseshoe Marg- Derby (SAT),8,128,Dog,0,3,137.0,8,0.0,0.375
Horseshoe Margarita,3,30,Dog,0,3,18.0,3,0.0,1.0
Hot Chicken Slider,71,568,Star,4,3,1594.0,7,0.5714285714285714,0.42857142857142855
Hot Dog,60,51,Plowhorse,2,4,51.0,26,0.07692307692307693,0.15384615384615385
Hot Pants Marg,4,60,Dog,4,0,0.0,4,1.0,0.0
House Bubbles,95,1181,Star,3,24,7037.0,86,0.03488372093023256,0.27906976744186046
House Red,65,744,Star,4,22,4745.0,58,0.06896551724137931,0.3793103448275862
House White,39,487,Star,1,13,3447.0,37,0.02702702702702703,0.35135135135135137
House pinot grigio,2,60,Dog,0,1,18.0,2,0.0,0.5
House-Approved Hydration,155,1732,Star,2,43,9293.0,139,0.014388489208633094,0.30935251798561153
Howdy THC Seltzer,5,65,Dog,0,0,0.0,5,0.0,0.0
Huda Hurricane,2,14,Dog,0,1,99.0,2,0.0,0.5
Hummus,2,18,Dog,0,1,24.0,2,0.0,0.5
Inner Circle,15,240,Plowhorse,0,0,0.0,14,0.0,0.0
Irish Coffee,23,170,Plowhorse,2,7,162.0,22,0.09090909090909091,0.3181818181818182
Irish Wishes,39,556,Star,0,10,468.0,37,0.0,0.2702702702702703
Italian Bread,1,2,Dog,0,1,35.0,1,0.0,1.0
JD Can,5,50,Dog,1,0,0.0,5,0.2,0.0
JW Black,3143,46895,Star,52,252,65836.0,2656,0.01957831325301205,0.09487951807228916
JW Blue,68,4037,Star,6,17,2069.0,51,0.11764705882352941,0.3333333333333333
Jack Daniel's Single Barrel,878,15730,Star,10,91,10792.0,773,0.0129366106080207,0.11772315653298836
Jack Daniel's Whiskey,731,8819,Star,5,43,4916.0,618,0.008090614886731391,0.06957928802588997
Jameson,4170,58168,Star,38,237,23420.0,2510,0.015139442231075698,0.0944223107569721
Jeff White Linen,1,200,Dog,0,0,0.0,1,0.0,0.0
Kalyn,1,1,Dog,0,0,0.0,1,0.0,0.0
Kampachi,12,72,Plowhorse,0,0,0.0,10,0.0,0.0
Kampachi Roll,20,324,Plowhorse,3,6,291.0,20,0.15,0.3
Ketel One,18110,268058,Star,196,1191,169061.0,13372,0.014657493269518396,0.0890667065510021
Ketel One Citroen,48,683,Star,3,12,914.0,39,0.07692307692307693,0.3076923076923077
Ketel One Cucumber & Mint,10,181,Dog,0,2,84.0,10,0.0,0.2
Ketel One Grapefruit&Rose,35,482,Star,1,7,118.0,26,0.038461538461538464,0.2692307692307692
Ketel One Rep,1,300,Dog,0,0,0.0,1,0.0,0.0
Knob Creek Bourbon,58,1012,Star,1,5,128.0,54,0.018518518518518517,0.09259259259259259
Knob Creek Rye,32,666,Star,0,4,376.0,41,0.0,0.0975609756097561
Komo Añejo Cristalino,63,2137,Star,3,5,483.0,38,0.07894736842105263,0.13157894736842105
Komo Reposado Rosa,29,900,Star,1,7,192.0,21,0.047619047619047616,0.3333333333333333
L' Orange Spritz,1,16,Dog,1,0,0.0,1,1.0,0.0
La Gritona Reposado,39,651,Star,0,1,42.0,21,0.0,0.047619047619047616
La Puebla- Cinco de Mayo,14,172,Plowhorse,2,0,0.0,14,0.14285714285714285,0.0
La Puebla- Cinco de Mayo Smirnoff,55,674,Star,1,0,0.0,33,0.030303030303030304,0.0
Ladies Cocktail,13,13,Plowhorse,0,1,12.0,8,0.0,0.125
Lagavulin 16yrs,27,947,Star,0,7,384.0,27,0.0,0.25925925925925924
"Lagunitas, IPA",67,407,Star,3,19,2373.0,68,0.04411764705882353,0.27941176470588236
"Lagunitas, IPA (Copy)",13,78,Plowhorse,0,1,14.0,13,0.0,0.07692307692307693
Lalo Blanco,773,11966,Star,2,106,7168.0,509,0.003929273084479371,0.2082514734774067
Laphroaig 10yrs,50,1071,Star,2,6,146.0,46,0.043478260869565216,0.13043478260869565
Large Charcuterie,2,300,Dog,0,0,0.0,2,0.0,0.0
Las Californias Citrico,4,69,Dog,1,0,0.0,3,0.3333333333333333,0.0
Last Word,201,2590,Star,3,55,4250.0,186,0.016129032258064516,0.2956989247311828
Latin Bites,1,1000,Puzzle,0,1,390.0,1,0.0,1.0
Latte,10,1,Dog,1,2,12.0,9,0.1111111111111111,0.2222222222222222
Lazy K,2,38,Dog,0,0,0.0,1,0.0,0.0
Lazzaroni,4,52,Dog,0,3,162.0,4,0.0,0.75
Le Jour & La Nuit - Red Blend,6,211,Dog,1,4,131.0,8,0.125,0.5
Leblon,28,369,Plowhorse,3,9,87.0,24,0.125,0.375
Lemon Drop Shot,152,1784,Star,0,11,884.0,95,0.0,0.11578947368421053
Lemonade,1,3,Dog,0,0,0.0,1,0.0,0.0
Leo Sat 08-10,1,250,Dog,0,0,0.0,1,0.0,0.0
Levi's Jeans- Sir Davis,13,208,Plowhorse,0,1,17.0,13,0.0,0.07692307692307693
Licor 43,180,2172,Star,3,36,1644.0,145,0.020689655172413793,0.2482758620689655
Lillet Blanc,2,20,Dog,0,0,0.0,2,0.0,0.0
Lillet Rosé,1,13,Dog,0,1,18.0,1,0.0,1.0
Lime / Agave,1,5,Dog,0,0,0.0,1,0.0,0.0
Lime Juice,6,29,Dog,0,2,212.0,5,0.0,0.4
"Lime Simple, Syrups",1,10,Dog,0,0,0.0,1,0.0,0.0
Liquid Asset Spritz,1302,19080,Star,15,333,26795.0,1243,0.012067578439259855,0.26790024135156876
Long Island,2,40,Dog,0,0,0.0,2,0.0,0.0
Long branch Wild Turkey,2,36,Dog,0,0,0.0,1,0.0,0.0
"Louis Revoir, Brut",1,99,Dog,1,0,0.0,1,1.0,0.0
Love Island Long Island,12,140,Plowhorse,0,5,609.0,11,0.0,0.45454545454545453
Low Hanging Fruit,15802,233776,Star,267,3845,311880.0,14745,0.018107833163784334,0.26076636147846727
Luc de Paris,1,14,Dog,0,0,0.0,1,0.0,0.0
Lucien Albrecht GL,58,927,Star,2,14,996.0,55,0.03636363636363636,0.2545454545454545
Lustau PX Sherry,1,12,Dog,1,0,0.0,1,1.0,0.0
Luxardo Limoncello,9,116,Dog,0,2,32.0,9,0.0,0.2222222222222222
Lychee Shot,19,154,Plowhorse,0,0,0.0,18,0.0,0.0
"MAG Dom Pérignon, LUMINOUS, Brut '10",7,10383,Puzzle,0,2,4246.0,7,0.0,0.2857142857142857
"MAG Veuve Clicquot, Brut",46,19392,Star,3,11,2038.0,42,0.07142857142857142,0.2619047619047619
MFK,81,877,Star,5,33,1606.0,78,0.0641025641025641,0.4230769230769231
Macallan 12yrs,958,31161,Star,187,69,7057.0,854,0.2189695550351288,0.08079625292740047
Macallan 18yrs,74,5154,Star,6,15,5993.0,60,0.1,0.25
Madai,9,45,Dog,0,2,110.0,7,0.0,0.2857142857142857
"Madame Zero, Vintage",3,760,Puzzle,1,3,1830.0,3,0.3333333333333333,1.0
"Madame Zéro, Rosé",6,600,Puzzle,0,2,300.0,6,0.0,0.3333333333333333
Maker's Mark,4292,61872,Star,42,434,105025.0,3569,0.011768002241524236,0.12160268982908377
Maker's Mark 46,358,6327,Star,5,55,7562.0,296,0.016891891891891893,0.1858108108108108
"Malbec - Andeluna ""1300"", Uco Valley",2,138,Dog,1,0,0.0,2,0.5,0.0
Mango Shot,10,80,Dog,0,0,0.0,6,0.0,0.0
Manhattan,311,4162,Star,11,65,6518.0,303,0.036303630363036306,0.2145214521452145
Margarita,6253,85494,Star,74,1161,124751.0,5631,0.013141537915112769,0.20618007458710708
Margarita Setup,1,8,Dog,0,0,0.0,1,0.0,0.0
Margarita flight,2,188,Dog,2,2,144.0,2,1.0,1.0
Marketing,2,2,Dog,0,2,159.0,2,0.0,1.0
Marketing Comp,2,2,Dog,0,2,225.0,2,0.0,1.0
Marques de Caceres Cava,46,465,Star,0,22,32668.0,41,0.0,0.5365853658536586
Martini,1,4,Dog,0,0,0.0,1,0.0,0.0
Matcha,2,20,Dog,0,0,0.0,1,0.0,0.0
Matcha Martini,13901,207467,Star,183,2796,187030.0,12435,0.014716525934861278,0.22484921592279855
Maui Mango,7,96,Dog,0,1,35.0,7,0.0,0.14285714285714285
Mediterranean Board,480,18742,Star,24,234,17710.0,517,0.04642166344294004,0.4526112185686654
Menage a Trois - Red Blend,2,100,Dog,0,0,0.0,2,0.0,0.0
Mex Candy,88,680,Star,3,15,234.0,58,0.05172413793103448,0.25862068965517243
Mezcal Union,290,4430,Star,6,34,2487.0,239,0.02510460251046025,0.14225941422594143
Mezcal Union No Paper Trail,44,653,Star,0,9,766.0,33,0.0,0.2727272727272727
Micheal Smith - 12/02,1,90,Dog,0,0,0.0,1,0.0,0.0
Michelob Ultra,20,136,Plowhorse,0,3,204.0,15,0.0,0.2
Min,4,1412,Puzzle,1,0,0.0,2,0.5,0.0
Mini 1942- Cinco de Mayo,5,250,Dog,0,2,96.0,5,0.0,0.4
Minimum,23,5695,Star,8,9,2017.0,23,0.34782608695652173,0.391304347826087
Minimum Charge,1,1182,Puzzle,0,0,0.0,1,0.0,0.0
Minimum Reservation,8,2545,Puzzle,3,5,2134.0,8,0.375,0.625
Minimum Spend,3,1568,Puzzle,0,0,0.0,3,0.0,0.0
Minimum Spent,1,105,Dog,0,1,12.0,1,0.0,1.0
Minimun,1,559,Puzzle,0,0,0.0,1,0.0,0.0
Mint Julep- Derby (THU),60,824,Star,0,11,864.0,57,0.0,0.19298245614035087
Mnimum,1,0,Dog,0,1,250.0,1,0.0,1.0
Mocktail,2524,27788,Star,33,515,58283.0,2417,0.01365328920148945,0.21307405875051716
Monkey 47,83,1467,Star,1,11,240.0,73,0.0136986301369863,0.1506849315068493
Monkey Shoulder,111,1801,Star,0,8,480.0,90,0.0,0.08888888888888889
Montenegro,4,61,Dog,0,0,0.0,4,0.0,0.0
More Batard Bread (3 pieces),402,474,Star,2,171,8576.0,412,0.0048543689320388345,0.41504854368932037
Mount Gay Black Barrel,7,112,Dog,0,0,0.0,7,0.0,0.0
Moxies Party,1,5830,Puzzle,0,0,0.0,1,0.0,0.0
"Moët & Chandon, Brut",55,8016,Star,6,8,1297.0,49,0.12244897959183673,0.16326530612244897
Mr. Black,3,43,Dog,0,1,18.0,3,0.0,0.3333333333333333
Murderita,47,791,Star,0,12,4072.0,41,0.0,0.2926829268292683
Mushroom Bowl,35,362,Plowhorse,5,15,1213.0,35,0.14285714285714285,0.42857142857142855
NYE - Ibrahim 102,1,200,Dog,0,0,0.0,1,0.0,0.0
NYE 12.31 Table 42,1,250,Dog,0,0,0.0,1,0.0,0.0
NYE Andrew 114,1,50,Dog,0,0,0.0,1,0.0,0.0
NYE Deposit,1,500,Puzzle,0,0,0.0,1,0.0,0.0
NYE Isaac - 205,1,30,Dog,0,0,0.0,1,0.0,0.0
NYE Reservation 211&212,1,60,Dog,0,0,0.0,1,0.0,0.0
NYE Zane 102,1,500,Puzzle,1,0,0.0,1,1.0,0.0
NYE Zayn 103,1,500,Puzzle,1,0,0.0,1,1.0,0.0
Negroni,951,13088,Star,7,141,8235.0,857,0.008168028004667444,0.1645274212368728
Nikka Coffey Grain,10,203,Dog,0,2,8.0,9,0.0,0.2222222222222222
Nikka From The Barrel,18,540,Star,0,1,124.0,6,0.0,0.16666666666666666
Nixta,2,24,Dog,0,0,0.0,2,0.0,0.0
No Paper Trail,16103,230670,Star,213,3903,321844.0,14656,0.01453329694323144,0.26630731441048033
Non Happy Hour,1,12,Dog,0,1,12.0,1,0.0,1.0
Nonino Amaro,4,49,Dog,0,1,179.0,4,0.0,0.25
Nonino Grappa Moscato,6,92,Dog,2,0,0.0,5,0.4,0.0
Noveciene,1,100,Dog,1,0,0.0,1,1.0,0.0
OF Mint Julep,35,350,Plowhorse,12,14,378.0,29,0.41379310344827586,0.4827586206896552
OGD,2,0,Dog,0,1,28.0,1,0.0,1.0
Oban 14yrs,26,869,Star,0,5,620.0,24,0.0,0.20833333333333334
Ocho Anejo,15,367,Plowhorse,1,1,364.0,10,0.1,0.1
Ocho Plata,1288,19973,Star,21,127,13566.0,894,0.02348993288590604,0.14205816554809844
Ocho Reposado,1792,27186,Star,32,311,35376.0,1085,0.029493087557603687,0.28663594470046083
Ojo De Tigre,33,551,Star,0,4,60.0,26,0.0,0.15384615384615385
Ojo de Tigre,2300,31760,Star,11,241,54259.0,1736,0.006336405529953917,0.13882488479262672
Old Fashioned,8106,110792,Star,118,1146,88039.0,7585,0.015557020435069216,0.15108767303889256
Old Forester 1870,3,48,Dog,0,1,91.0,3,0.0,0.3333333333333333
Old Forester 1897,4,73,Dog,0,4,364.0,4,0.0,1.0
Old Forester 1910,1,20,Dog,0,0,0.0,1,0.0,0.0
Old Forester 1920,14,292,Plowhorse,0,0,0.0,7,0.0,0.0
Old Forester 86,29,363,Plowhorse,0,10,364.0,18,0.0,0.5555555555555556
Old Forester Mint Julep- Derby (SAT),1,16,Dog,0,0,0.0,1,0.0,0.0
Old Forrester 1870,2,32,Dog,0,1,34.0,2,0.0,0.5
Old Forrester 1897,5,75,Dog,0,2,36.0,5,0.0,0.4
Old Forrester 1910,2,28,Dog,0,2,3680.0,2,0.0,1.0
Old Forrester 1920,54,1082,Star,0,0,0.0,3,0.0,0.0
Old Money Memo,81,1362,Star,3,13,606.0,78,0.038461538461538464,0.16666666666666666
One Flock,1,46,Dog,0,0,0.0,1,0.0,0.0
Open,3,18,Dog,0,0,0.0,3,0.0,0.0
Open Food,1,20,Dog,0,0,0.0,1,0.0,0.0
Open Tab,1,0,Dog,0,0,0.0,1,0.0,0.0
Orange Juice,820,1588,Star,21,86,25579.0,414,0.050724637681159424,0.20772946859903382
Organic Marg,3,46,Dog,3,0,0.0,3,1.0,0.0
Overtime Marg,1,20,Dog,0,0,0.0,1,0.0,0.0
Oysters,11,180,Dog,2,2,132.0,11,0.18181818181818182,0.18181818181818182
PAMA,2,12,Dog,0,2,92.0,2,0.0,1.0
Paloma,2129,29623,Star,15,340,21536.0,1891,0.007932310946589107,0.1797990481226864
Paloma Payoff,817,11965,Star,17,136,23024.0,692,0.024566473988439308,0.19653179190751446
Pama,2,28,Dog,0,0,0.0,2,0.0,0.0
Pama pomegranate,2,24,Dog,0,0,0.0,2,0.0,0.0
Pancakes,223,2648,Star,9,92,6138.0,233,0.03862660944206009,0.3948497854077253
Pantalones,6,150,Dog,0,1,122.0,3,0.0,0.3333333333333333
Pantalones Fancy Pants Paloma,9,112,Dog,0,1,40.0,9,0.0,0.1111111111111111
Pantalones Hot Pants Marg,13,180,Plowhorse,0,1,22.0,12,0.0,0.08333333333333333
Pantalones Organic Marg,5,70,Dog,0,0,0.0,5,0.0,0.0
Paper Plane,16,128,Plowhorse,0,2,12.0,9,0.0,0.2222222222222222
Passionfruit Daiquiri,81,790,Star,2,47,5828.0,52,0.038461538461538464,0.9038461538461539
Peach Julep- Derby (THU),13,148,Plowhorse,0,0,0.0,13,0.0,0.0
Peach Royal Rider,13,166,Plowhorse,0,5,60.0,12,0.0,0.4166666666666667
Pellegrino,184,1470,Star,1,21,1298.0,171,0.005847953216374269,0.12280701754385964
Per My Pistachio,267,4279,Star,6,45,4706.0,248,0.024193548387096774,0.1814516129032258
"Perroni, Pale Lager",4984,30814,Star,46,487,75678.0,4327,0.010630922116940143,0.1125491102380402
"Petit Verdot - B. Leighton, Washington",1,119,Dog,0,0,0.0,1,0.0,0.0
"Petite Sirah - Brady Vineyard, Paso Robles",8,392,Dog,2,1,16.0,8,0.25,0.125
Pickles,1,6,Dog,0,1,18.0,1,0.0,1.0
Pierde Almas Espadín,18,460,Star,1,1,5.0,13,0.07692307692307693,0.07692307692307693
Pimm's,5,58,Dog,1,1,272.0,4,0.25,0.25
Pineapple Juice,2431,4679,Star,28,225,62997.0,1030,0.027184466019417475,0.21844660194174756
Pinot Grigio - House,5,150,Dog,0,1,12.0,5,0.0,0.2
"Pinot Noir - Alma Rosa, Santa Rita Hills",7,623,Puzzle,1,3,97.0,7,0.14285714285714285,0.42857142857142855
"Pinot Noir - Davis Bynum, Russian River Valley",10,555,Puzzle,2,6,1331.0,10,0.2,0.6
"Pinot Noir - Lingua Franca, Willamette",3,315,Dog,1,1,67.0,3,0.3333333333333333,0.3333333333333333
"Pinot Noir - Nuiton-Beaunoy, Bourgogne",9,432,Puzzle,2,4,1476.0,11,0.18181818181818182,0.36363636363636365
Pistachio,7,119,Dog,0,0,0.0,1,0.0,0.0
Pizza,1,246,Dog,0,0,0.0,1,0.0,0.0
Plantation Pineapple,25,320,Plowhorse,0,5,247.0,18,0.0,0.2777777777777778
Plot Twist,8,128,Dog,0,0,0.0,8,0.0,0.0
Poppers,6,135,Dog,0,2,160.0,6,0.0,0.3333333333333333
Poseidon,53,740,Star,16,17,6630.0,17,0.9411764705882353,1.0
Procuitto,1,0,Dog,0,1,13.0,1,0.0,1.0
Profit Squeeze,87,1402,Star,3,14,371.0,83,0.03614457831325301,0.1686746987951807
Prosciutto,1,0,Dog,0,1,20.0,1,0.0,1.0
Prosecco,5,192,Dog,1,3,197.0,5,0.2,0.6
"Prosecco - Follador ""Farder"", Treviso",49,2338,Star,8,16,2603.0,51,0.1568627450980392,0.3137254901960784
Pumpkin Spice,966,13844,Star,12,279,13049.0,908,0.013215859030837005,0.30726872246696035
Pumpkin Spice Martini,54,899,Star,3,6,1203.0,45,0.06666666666666667,0.13333333333333333
Quesadillas,37,174,Plowhorse,6,25,8822.0,34,0.17647058823529413,0.7352941176470589
Quesdillas,139,692,Star,24,68,3319.0,104,0.23076923076923078,0.6538461538461539
Queso,3,15,Dog,0,1,6.0,3,0.0,0.3333333333333333
"Quilems, Lager",48,288,Plowhorse,1,1,4.0,46,0.021739130434782608,0.021739130434782608
ROSES,1,30,Dog,0,0,0.0,1,0.0,0.0
Ram's Gate,3,45,Dog,0,0,0.0,3,0.0,0.0
Recovery Mode,7,112,Dog,0,0,0.0,6,0.0,0.0
Red,1,50,Dog,0,0,0.0,1,0.0,0.0
Red Bull,2785,13947,Star,63,258,50687.0,1741,0.03618609994256174,0.1481906950028719
Red Bull SF,1561,6763,Star,34,273,19337.0,1077,0.031569173630454965,0.25348189415041783
"Red Stripe, Pale Lager",690,4068,Star,4,79,4464.0,622,0.006430868167202572,0.1270096463022508
Red blend zweigelt,3,180,Dog,0,0,0.0,3,0.0,0.0
Regards Roll,11,198,Dog,0,3,54.0,11,0.0,0.2727272727272727
Reggie NYE - 36,1,60,Dog,0,0,0.0,1,0.0,0.0
Repo Baby,102,1641,Star,5,28,2519.0,69,0.07246376811594203,0.4057971014492754
Repo baby,56,968,Star,0,19,873.0,32,0.0,0.59375
Revivalist,2,32,Dog,0,0,0.0,2,0.0,0.0
Rico Table 41,1,2000,Puzzle,0,0,0.0,1,0.0,0.0
"Riesling - Melanie Pfister, Alsace",3,171,Dog,0,2,18.0,3,0.0,0.6666666666666666
Rita From Accounting,2861,40840,Star,61,861,69912.0,2682,0.02274422073079791,0.32102908277404923
Rita from Accounting,816,10385,Star,15,151,9083.0,713,0.021037868162692847,0.211781206171108
Rita from Accounting frozen,111,1603,Star,6,35,2618.0,104,0.057692307692307696,0.33653846153846156
Rita from accounting,324,3730,Star,4,142,7975.0,299,0.013377926421404682,0.47491638795986624
Rodeo OF,27,328,Plowhorse,0,8,95.0,27,0.0,0.2962962962962963
Roku,57,953,Star,1,7,462.0,49,0.02040816326530612,0.14285714285714285
Ron Zacapa 23,128,2703,Star,2,20,1013.0,115,0.017391304347826087,0.17391304347826086
Root Cause,65,843,Star,0,14,2675.0,61,0.0,0.22950819672131148
Rose,1,14,Dog,0,0,0.0,1,0.0,0.0
"Ruinart, Blanc de Blancs",6,1500,Puzzle,1,2,360.0,6,0.16666666666666666,0.3333333333333333
Rumpleminze,256,2584,Star,0,40,3627.0,163,0.0,0.24539877300613497
Rémy Martin 1738,232,5360,Star,7,29,1215.0,182,0.038461538461538464,0.15934065934065933
SMYL Denistry Christmas Party,2,200,Dog,0,0,0.0,2,0.0,0.0
Saint Shot,46,440,Star,0,4,152.0,19,0.0,0.21052631578947367
Salmon,29,141,Plowhorse,1,2,110.0,21,0.047619047619047616,0.09523809523809523
San Benedetto Individual,779,3756,Star,16,54,13293.0,475,0.03368421052631579,0.11368421052631579
San Benedetto Table Side,757,5789,Star,6,98,18914.0,562,0.010676156583629894,0.17437722419928825
"Sangiovese - Sasso di Sole ""Orcia"", Tuscany",8,312,Dog,2,1,67.0,8,0.25,0.125
Santa Teresa,30,490,Star,0,0,0.0,26,0.0,0.0
"Sapporo, Lager",282,1680,Star,5,27,1176.0,226,0.022123893805309734,0.11946902654867257
Sasuage,1,6,Dog,1,0,0.0,1,1.0,0.0
Sauv,1,30,Dog,0,1,10.0,1,0.0,1.0
"Sauvignon Blanc - Dom. Raimbault, Sancerre",6,414,Puzzle,2,3,98.0,6,0.3333333333333333,0.5
"Sauvignon Blanc - Robert Mondavi, Napa Valley",13,459,Star,2,3,64.0,13,0.15384615384615385,0.23076923076923078
Savory Churros,22,168,Plowhorse,4,12,1320.0,22,0.18181818181818182,0.5454545454545454
Sax Player,1,342,Dog,0,1,1840.0,1,0.0,1.0
Sazerac Rye,121,1705,Star,2,2,24.0,119,0.01680672268907563,0.01680672268907563
"Schramsberg, Blanc de Blancs",7,693,Puzzle,1,1,66.0,5,0.2,0.2
Scrambble Eggs,1,2,Dog,0,1,105.0,1,0.0,1.0
Scrambled Egg,1,0,Dog,0,0,0.0,1,0.0,0.0
Sexy Carajillo,1,10,Dog,0,0,0.0,1,0.0,0.0
Sexy Pace Meal,29,290,Plowhorse,0,0,0.0,29,0.0,0.0
Sexy Rita from accounting,4,40,Dog,0,0,0.0,4,0.0,0.0
Sexy espresso,2,20,Dog,0,0,0.0,2,0.0,0.0
Sexy low hanging,6,60,Dog,0,0,0.0,6,0.0,0.0
Sexy matcha,18,180,Plowhorse,0,1,16.0,18,0.0,0.05555555555555555
Sexy skinny marg,6,60,Dog,0,0,0.0,6,0.0,0.0
SexyPace Margarita,19,286,Plowhorse,0,3,30.0,14,0.0,0.21428571428571427
Shaggy Dog,20,296,Plowhorse,0,3,108.0,20,0.0,0.15
Shamrock Spritz,37,570,Star,0,8,154.0,37,0.0,0.21621621621621623
Shot Ski,1,1,Dog,0,1,350.0,1,0.0,1.0
Shots Fired,588,4482,Star,3,44,2534.0,231,0.012987012987012988,0.19047619047619047
Shotski,2,102,Dog,0,0,0.0,2,0.0,0.0
Shrimp,1,16,Dog,0,0,0.0,1,0.0,0.0
Shrimp Campechana,54,601,Star,1,27,2699.0,51,0.0196078431372549,0.5294117647058824
Side Bacon,2,10,Dog,0,1,105.0,2,0.0,0.5
Side Fajita Steak,1,8,Dog,0,0,0.0,1,0.0,0.0
Side Guac,1,8,Dog,0,0,0.0,1,0.0,0.0
Side Of Bacon,1,7,Dog,1,0,0.0,1,1.0,0.0
Side Of Cornichons,1,2,Dog,0,1,16.0,1,0.0,1.0
Side Of Guac,1,4,Dog,1,0,0.0,1,1.0,0.0
Side Of Guac & Queso,1,6,Dog,0,0,0.0,1,0.0,0.0
Side Of Guacamole,1,5,Dog,0,1,531.0,1,0.0,1.0
Side Of Gucamole,1,2,Dog,0,0,0.0,1,0.0,0.0
Sidecar,1,17,Dog,0,0,0.0,1,0.0,0.0
Siete Leguas Blanco,103,1739,Star,3,20,892.0,80,0.0375,0.25
Siete Leguas Reposado,24,410,Star,0,3,421.0,13,0.0,0.23076923076923078
Simple Vodka,10,120,Dog,3,0,0.0,7,0.42857142857142855,0.0
Single Toast,418,2427,Star,46,259,8209.0,412,0.11165048543689321,0.6286407766990292
Sir Davis,41,890,Star,1,3,40.0,8,0.125,0.375
Sir Davis Swipe,2,16,Dog,1,0,0.0,2,0.5,0.0
Ski Board,1,30,Dog,0,0,0.0,1,0.0,0.0
Skinny,1,10,Dog,0,0,0.0,1,0.0,0.0
Skinny Ledger,727,11761,Star,27,101,8745.0,665,0.0406015037593985,0.1518796992481203
Skinny Marg,120,1180,Star,3,30,8809.0,117,0.02564102564102564,0.2564102564102564
Skinny gin,19,266,Plowhorse,0,0,0.0,8,0.0,0.0
Sliders,36,288,Plowhorse,0,1,379.0,1,0.0,1.0
Slim Margins Margarita,1129,16596,Star,20,295,22752.0,1054,0.018975332068311195,0.27988614800759015
Small Chips & Queso,2,0,Dog,0,2,10.0,2,0.0,1.0
Smirnoff Shot,7,84,Dog,0,0,0.0,7,0.0,0.0
Smirnoff Tamarind Shot,32,384,Plowhorse,0,0,0.0,32,0.0,0.0
Snacks,1,0,Dog,0,0,0.0,1,0.0,0.0
Snaquiri,74,466,Star,1,14,913.0,52,0.019230769230769232,0.2692307692307692
Socorro Blanco,287,3894,Star,2,31,906.0,174,0.011494252873563218,0.1781609195402299
Socorro Reposado,72,963,Star,0,4,502.0,37,0.0,0.10810810810810811
"Sonoma - Ferrari Carano, Sangiovese Rosé",10,315,Dog,2,4,555.0,9,0.2222222222222222,0.4444444444444444
Sourdough Bread,1,0,Dog,0,0,0.0,1,0.0,0.0
Spanish Board,1207,56175,Star,37,579,39152.0,1308,0.028287461773700305,0.4426605504587156
Spiced Cranberry Margarita,8,122,Dog,1,1,64.0,8,0.125,0.125
Spicy Coconut Margarita,77,1044,Star,0,8,552.0,69,0.0,0.11594202898550725
Spicy Pickle Shot,371,3705,Star,23,46,3561.0,194,0.11855670103092783,0.23711340206185566
Spicy Summers,8,144,Dog,0,0,0.0,8,0.0,0.0
Spicy Tuna Crispy Rice,26,468,Star,1,11,392.0,25,0.04,0.44
Spill The Tea,86,1670,Star,2,15,1247.0,92,0.021739130434782608,0.16304347826086957
Spill the tea,74,1392,Star,3,31,3517.0,72,0.041666666666666664,0.4305555555555556
Sprite,1137,3342,Star,9,92,17296.0,709,0.012693935119887164,0.12976022566995768
Spritz Happens,440,6765,Star,14,89,8859.0,419,0.03341288782816229,0.21241050119331742
St. Germain,426,5757,Star,3,41,2868.0,331,0.00906344410876133,0.12386706948640483
Stagg,6,132,Dog,0,0,0.0,4,0.0,0.0
Strawberry & Cream Dream,71,952,Star,1,17,798.0,61,0.01639344262295082,0.2786885245901639
Sunday Strategy,324,4208,Star,4,92,6903.0,314,0.012738853503184714,0.2929936305732484
Sunday strategy,248,2904,Star,6,134,8069.0,233,0.02575107296137339,0.575107296137339
Super Tuscan - Le Volte by Ornellaia,4,336,Dog,3,1,67.0,4,0.75,0.25
Sweater,4,280,Dog,0,2,80.0,2,0.0,1.0
Sweet Honey Buckin'- Sir Davis,8,128,Dog,0,1,17.0,8,0.0,0.125
Sweet HoneyBuckin,12,186,Plowhorse,0,5,146.0,12,0.0,0.4166666666666667
"Syrah - Waters Winery, Forgotten Hills",5,345,Dog,0,1,16.0,5,0.0,0.2
T-Shirt,8,320,Dog,3,2,80.0,6,0.5,0.3333333333333333
TX Whiskey,17,232,Plowhorse,0,4,130.0,14,0.0,0.2857142857142857
Table 41 - Adam 12/27,1,250,Dog,1,0,0.0,1,1.0,0.0
Table 41 Adam,1,2500,Puzzle,0,0,0.0,1,0.0,0.0
Tacos,59,203,Plowhorse,1,5,2616.0,19,0.05263157894736842,0.2631578947368421
Tacos (3),12,120,Plowhorse,0,1,144.0,1,0.0,1.0
Talisker 10yrs,7,216,Dog,0,2,30.0,5,0.0,0.4
Tank,1,40,Dog,1,0,0.0,1,1.0,0.0
Tanqueray,101,1392,Star,3,9,502.0,90,0.03333333333333333,0.1
Tanqueray 10,345,5580,Star,6,49,2487.0,316,0.0189873417721519,0.1550632911392405
Tanqueray G&T,9,72,Dog,0,0,0.0,9,0.0,0.0
Tattinger,4,480,Puzzle,0,0,0.0,4,0.0,0.0
Tattinger BTL,2,230,Dog,0,1,500.0,1,0.0,1.0
Tee Time Spritz,2220,31119,Star,36,753,28027.0,2155,0.016705336426914155,0.3494199535962877
Telmont BTL,2,300,Dog,1,0,0.0,2,0.5,0.0
Telmont Brut,1,100,Dog,0,0,0.0,1,0.0,0.0
Teremana Anejo,7,126,Dog,1,0,0.0,7,0.14285714285714285,0.0
Test,247,4410,Star,6,0,0.0,6,1.0,0.0
Test Tube Termination,54,312,Plowhorse,0,3,64.0,42,0.0,0.07142857142857142
Tex Mex Board,1937,58302,Star,64,1019,58554.0,2181,0.029344337459880788,0.4672168729940394
Thank U Rae,1,0,Dog,0,0,0.0,1,0.0,0.0
The Botanist,215,3800,Star,6,40,1795.0,198,0.030303030303030304,0.20202020202020202
The Burn Rate,375,5540,Star,6,86,10792.0,344,0.01744186046511628,0.25
The Daily Grind,178,2675,Star,4,40,4917.0,156,0.02564102564102564,0.2564102564102564
The Final Aquisition,14,210,Plowhorse,0,1,128.0,8,0.0,0.125
The Perry Berry Cheer,8,112,Dog,0,6,864.0,6,0.0,1.0
The Prisoner BTL,4,275,Dog,0,2,519.0,3,0.0,0.6666666666666666
The Quarterly Mint Mojito,1134,16946,Star,14,243,11121.0,1068,0.013108614232209739,0.22752808988764045
The Witch of the Workplace,8,336,Dog,0,0,0.0,8,0.0,0.0
Thrive Juice Acaí Bowl,206,1994,Star,18,109,8747.0,210,0.08571428571428572,0.5190476190476191
Tickets,1,500,Puzzle,0,0,0.0,1,0.0,0.0
Tip,15,6,Plowhorse,0,2,64.0,15,0.0,0.13333333333333333
Tipsy Pickle Board,250,7739,Star,12,128,9691.0,256,0.046875,0.5
Titos,22222,284214,Star,205,1881,176306.0,16707,0.012270305859819237,0.11258753815765847
Titos $350,1,50,Dog,1,0,0.0,1,1.0,0.0
Titos 1L,2,700,Puzzle,0,0,0.0,2,0.0,0.0
Toki,107,1657,Star,0,3,80.0,87,0.0,0.034482758620689655
Tonic Water,227,440,Star,9,13,1614.0,106,0.08490566037735849,0.12264150943396226
Topo Chico,7893,46742,Star,344,819,106907.0,5483,0.06273937625387561,0.14937078241838408
Tres Generaciones Añejo,31,413,Star,0,17,870.0,19,0.0,0.8947368421052632
Trice Nichols,1,25,Dog,0,0,0.0,1,0.0,0.0
Trinidad Sour,1,15,Dog,0,0,0.0,1,0.0,0.0
Truffle Fries,6,16,Dog,0,0,0.0,6,0.0,0.0
Tube Top,6,240,Dog,6,0,0.0,6,1.0,0.0
Tuna,22,154,Plowhorse,0,2,110.0,20,0.0,0.1
Tuna Tostada,1,0,Dog,0,1,23.0,1,0.0,1.0
Tuna Wonton Tacos,139,1681,Star,2,69,4603.0,138,0.014492753623188406,0.5
Tx Whiskey,6,90,Dog,0,0,0.0,1,0.0,0.0
UNTI 2019,2,164,Dog,0,0,0.0,2,0.0,0.0
"USA - Schramsberg, Blanc de Blancs",1,99,Dog,0,1,66.0,1,0.0,1.0
"Urquell, Pilsner",7,42,Dog,0,2,8.0,7,0.0,0.2857142857142857
Valerie Craff 01.11.2024,1,100,Dog,0,0,0.0,1,0.0,0.0
Valet,30,150,Plowhorse,0,1,400.0,1,0.0,1.0
Vesper,84,1149,Star,2,12,5967.0,80,0.025,0.15
Veuve Clicquot GL,29,919,Star,5,7,540.0,27,0.18518518518518517,0.25925925925925924
"Veuve Clicquot, Brut",823,95775,Star,57,510,135274.0,753,0.07569721115537849,0.6772908366533864
"Veuve Clicquot, Rosé",100,19946,Star,13,19,7178.0,91,0.14285714285714285,0.2087912087912088
Vodka Martini,671,8899,Star,26,202,6467.0,638,0.04075235109717868,0.3166144200626959
Voodoo Ranger IPA,344,2442,Star,10,76,9879.0,323,0.030959752321981424,0.23529411764705882
Wagyu Yakatori,18,324,Plowhorse,0,1,88.0,16,0.0,0.0625
Water,5,0,Dog,0,3,259.0,5,0.0,0.6
Watermelon Smash,1,16,Dog,0,1,16.0,1,0.0,1.0
Watermelon Smash (THU),20,218,Plowhorse,0,0,0.0,20,0.0,0.0
Watet,2,0,Dog,0,0,0.0,2,0.0,0.0
Waystar Rumco,1814,25817,Star,44,502,34548.0,1755,0.02507122507122507,0.28603988603988606
Weber Ranch Agave,80,1080,Star,0,10,895.0,29,0.0,0.3448275862068966
Weller 12,30,545,Star,2,5,407.0,25,0.08,0.2
Weller Antique 107,2,70,Dog,0,0,0.0,2,0.0,0.0
Whispering Angel,1,46,Dog,0,1,6.0,1,0.0,1.0
Whistlepig 10,45,1457,Star,0,12,1258.0,40,0.0,0.3
White Chocolate Peppermint Martini,142,2088,Star,1,30,2023.0,140,0.007142857142857143,0.21428571428571427
White Collar Crime,3276,45229,Star,48,1016,90254.0,3053,0.015722240419259743,0.3327874222076646
White Collar Whisper,42,380,Plowhorse,1,1,64.0,24,0.041666666666666664,0.041666666666666664
White Stergeon 1 oz,1,156,Dog,0,0,0.0,1,0.0,0.0
Whole Cluster BTL,5,95,Dog,0,4,271.0,5,0.0,0.8
Wild Turkey Rare Breed Bourbon,9,146,Dog,1,0,0.0,9,0.1111111111111111,0.0
Wild Turkey Rare Breed Rye,3,68,Dog,0,1,6.0,3,0.0,0.3333333333333333
Wolf of 11th Street,6555,95074,Star,89,1675,138818.0,6156,0.014457439896036386,0.2720922677063028
Wonton Taco 1,1,5,Dog,0,0,0.0,1,0.0,0.0
Woodford Reserve,1522,24405,Star,24,169,13581.0,1244,0.01929260450160772,0.13585209003215434
Woodford Reserve Double Oak,66,1150,Star,0,16,1036.0,56,0.0,0.2857142857142857
Woodford Spire- Derby (SAT),6,96,Dog,0,1,210.0,5,0.0,0.2
Work From Home,366,4882,Star,6,81,5198.0,306,0.0196078431372549,0.2647058823529412
Work from home,162,1900,Star,2,94,6017.0,157,0.012738853503184714,0.5987261146496815
Write Off Roll,3,63,Dog,0,0,0.0,3,0.0,0.0
Yamazaki 12,38,1734,Star,4,4,100.0,34,0.11764705882352941,0.11764705882352941
"Yuengling, Lager",1527,9356,Star,19,250,23397.0,1422,0.013361462728551337,0.17580872011251758
Zacapa Julep (FRI),16,256,Plowhorse,0,0,0.0,2,0.0,0.0
Zayb,1,500,Puzzle,0,0,0.0,1,0.0,0.0
Zephyr,5,82,Dog,0,0,0.0,5,0.0,0.0
Zephyr G&T,1,8,Dog,0,0,0.0,1,0.0,0.0
"Zinfandel - Saldo, California",8,413,Puzzle,1,3,230.0,8,0.125,0.375
